<?xml version="1.0"?>
<!--<!DOCTYPE metadata SYSTEM "http://www.esri.com/metadata/esriprof80.dtd">-->
<metadata xml:lang="en"><Esri><CreaDate>20190403</CreaDate><CreaTime>23234600</CreaTime><SyncOnce>TRUE</SyncOnce><ArcGISFormat>1.0</ArcGISFormat><DataProperties><itemProps><itemLocation><linkage Sync="TRUE">file://\\LUPEUGENE\F\Ghana_Dist\Ghana_Districts 2015</linkage><protocol Sync="TRUE">Local Area Network</protocol></itemLocation></itemProps><copyHistory><copy source="E:\GIS_Stuff\Vectors\Ghana_vt\Ghana_Districts 2015" dest="\\LUPEUGENE\F\Ghana_Dist\Ghana_Districts 2015" date="20160624" time="14010200"></copy></copyHistory></DataProperties></Esri><idinfo><citation><citeinfo><onlink Sync="TRUE">\\USER-HP\C$\GIS DATA\GHANA\Ghana-Shapefile\Ghana_Districts 2012</onlink></citeinfo></citation></idinfo><distInfo><distributor><distorTran><onLineSrc><linkage Sync="TRUE">file://\\USER-HP\C$\GIS DATA\GHANA\Ghana-Shapefile\Ghana_Districts 2012</linkage><protocol Sync="TRUE">Local Area Network</protocol></onLineSrc></distorTran></distributor></distInfo><dataqual><lineage><procstep><procdesc Sync="TRUE">Dataset copied.</procdesc><srcused Sync="TRUE">C:\GIS DATA\Felix Data\Ghana_Districts 2012</srcused><procdate Sync="TRUE">20141101</procdate><proctime Sync="TRUE">16255100</proctime></procstep></lineage></dataqual></metadata>
